Domain;Task;Skill
"Content Domain 1: Data Ingestion and Transformation (34%)";"Task 1.1: Perform data ingestion";"Skill 1.1.1: Read data from streaming sources (for example, Amazon Kinesis, Amazon MSK, Amazon DynamoDB Streams, AWS DMS, AWS Glue, Amazon Redshift)"
"Content Domain 1: Data Ingestion and Transformation (34%)";"Task 1.1: Perform data ingestion";"Skill 1.1.2: Read data from batch sources (for example, Amazon S3, AWS Glue, Amazon EMR, AWS DMS, Amazon Redshift, AWS Lambda, Amazon AppFlow)"
"Content Domain 1: Data Ingestion and Transformation (34%)";"Task 1.1: Perform data ingestion";"Skill 1.1.3: Implement appropriate configuration options for batch ingestion"
"Content Domain 1: Data Ingestion and Transformation (34%)";"Task 1.1: Perform data ingestion";"Skill 1.1.4: Consume data APIs"
"Content Domain 1: Data Ingestion and Transformation (34%)";"Task 1.1: Perform data ingestion";"Skill 1.1.5: Set up schedulers by using Amazon EventBridge, Apache Airflow, or time-based schedules for jobs and crawlers"
"Content Domain 1: Data Ingestion and Transformation (34%)";"Task 1.1: Perform data ingestion";"Skill 1.1.6: Set up event triggers (for example, Amazon S3 Event Notifications, EventBridge)"
"Content Domain 1: Data Ingestion and Transformation (34%)";"Task 1.1: Perform data ingestion";"Skill 1.1.7: Call a Lambda function from Kinesis"
"Content Domain 1: Data Ingestion and Transformation (34%)";"Task 1.1: Perform data ingestion";"Skill 1.1.8: Create allowlists for IP addresses to allow connections to data sources"
"Content Domain 1: Data Ingestion and Transformation (34%)";"Task 1.1: Perform data ingestion";"Skill 1.1.9: Implement throttling and overcoming rate limits (for example, DynamoDB, Amazon RDS, Kinesis)"
"Content Domain 1: Data Ingestion and Transformation (34%)";"Task 1.1: Perform data ingestion";"Skill 1.1.10: Manage fan-in and fan-out for streaming data distribution"
"Content Domain 1: Data Ingestion and Transformation (34%)";"Task 1.1: Perform data ingestion";"Skill 1.1.11: Describe replayability of data ingestion pipelines"
"Content Domain 1: Data Ingestion and Transformation (34%)";"Task 1.1: Perform data ingestion";"Skill 1.1.12: Define stateful and stateless data transactions"
"Content Domain 1: Data Ingestion and Transformation (34%)";"Task 1.2: Transform and process data";"Skill 1.2.1: Optimize container usage for performance needs (for example, Amazon EKS, Amazon ECS)"
"Content Domain 1: Data Ingestion and Transformation (34%)";"Task 1.2: Transform and process data";"Skill 1.2.2: Connect to different data sources (for example, JDBC, ODBC)"
"Content Domain 1: Data Ingestion and Transformation (34%)";"Task 1.2: Transform and process data";"Skill 1.2.3: Integrate data from multiple sources"
"Content Domain 1: Data Ingestion and Transformation (34%)";"Task 1.2: Transform and process data";"Skill 1.2.4: Optimize costs while processing data"
"Content Domain 1: Data Ingestion and Transformation (34%)";"Task 1.2: Transform and process data";"Skill 1.2.5: Implement data transformation services based on requirements (for example, Amazon EMR, AWS Glue, Lambda, Amazon Redshift)"
"Content Domain 1: Data Ingestion and Transformation (34%)";"Task 1.2: Transform and process data";"Skill 1.2.6: Transform data between formats (for example, from .csv to Apache Parquet)"
"Content Domain 1: Data Ingestion and Transformation (34%)";"Task 1.2: Transform and process data";"Skill 1.2.7: Troubleshoot and debug common transformation failures and performance issues"
"Content Domain 1: Data Ingestion and Transformation (34%)";"Task 1.2: Transform and process data";"Skill 1.2.8: Create data APIs to make data available to other systems by using AWS services"
"Content Domain 1: Data Ingestion and Transformation (34%)";"Task 1.2: Transform and process data";"Skill 1.2.9: Define volume, velocity, and variety of data (for example, structured data, unstructured data)"
"Content Domain 1: Data Ingestion and Transformation (34%)";"Task 1.2: Transform and process data";"Skill 1.2.10: Integrate large language models (LLMs) for data processing"
"Content Domain 1: Data Ingestion and Transformation (34%)";"Task 1.3: Orchestrate data pipelines";"Skill 1.3.1: Use orchestration services to build workflows for data ETL pipelines (for example, Lambda, EventBridge, Amazon MWAA, AWS Step Functions, AWS Glue workflows)"
"Content Domain 1: Data Ingestion and Transformation (34%)";"Task 1.3: Orchestrate data pipelines";"Skill 1.3.2: Build data pipelines for performance, availability, scalability, resiliency, and fault tolerance"
"Content Domain 1: Data Ingestion and Transformation (34%)";"Task 1.3: Orchestrate data pipelines";"Skill 1.3.3: Implement and maintain serverless workflows"
"Content Domain 1: Data Ingestion and Transformation (34%)";"Task 1.3: Orchestrate data pipelines";"Skill 1.3.4: Use notification services to send alerts (for example, Amazon SNS, Amazon SQS)"
"Content Domain 1: Data Ingestion and Transformation (34%)";"Task 1.4: Apply programming concepts";"Skill 1.4.1: Optimize code to reduce runtime for data ingestion and transformation"
"Content Domain 1: Data Ingestion and Transformation (34%)";"Task 1.4: Apply programming concepts";"Skill 1.4.2: Configure Lambda functions to meet concurrency and performance needs"
"Content Domain 1: Data Ingestion and Transformation (34%)";"Task 1.4: Apply programming concepts";"Skill 1.4.3: Use programming languages and frameworks for data engineering (for example, Python, SQL, Scala, R, Java, Bash, PowerShell)"
"Content Domain 1: Data Ingestion and Transformation (34%)";"Task 1.4: Apply programming concepts";"Skill 1.4.4: Use software engineering best practices for data engineering (for example, version control, testing, logging, monitoring)"
"Content Domain 1: Data Ingestion and Transformation (34%)";"Task 1.4: Apply programming concepts";"Skill 1.4.5: Use Infrastructure as Code (IaC) to deploy data engineering solutions"
"Content Domain 1: Data Ingestion and Transformation (34%)";"Task 1.4: Apply programming concepts";"Skill 1.4.6: Use AWS SAM to package and deploy serverless data pipelines (for example, Lambda functions, Step Functions, DynamoDB tables)"
"Content Domain 1: Data Ingestion and Transformation (34%)";"Task 1.4: Apply programming concepts";"Skill 1.4.7: Use and mount storage volumes from within Lambda functions"
"Content Domain 1: Data Ingestion and Transformation (34%)";"Task 1.4: Apply programming concepts";"Skill 1.4.8: Use infrastructure as code (IaC) for repeatable resource deployment (for example, AWS CloudFormation and AWS CDK)"
"Content Domain 1: Data Ingestion and Transformation (34%)";"Task 1.4: Apply programming concepts";"Skill 1.4.9: Describe continuous integration and continuous delivery (CI/CD) (implementation, testing, and deployment of data pipelines)"
"Content Domain 1: Data Ingestion and Transformation (34%)";"Task 1.4: Apply programming concepts";"Skill 1.4.10: Define distributed computing"
"Content Domain 1: Data Ingestion and Transformation (34%)";"Task 1.4: Apply programming concepts";"Skill 1.4.11: Describe data structures and algorithms (for example, graph data structures and tree data structures)"
"Content Domain 2: Data Store Management (26%)";"Task 2.1: Choose a data store";"Skill 2.1.1: Implement the appropriate storage services for specific cost and performance requirements (for example, Amazon Redshift, Amazon EMR, AWS Lake Formation, Amazon RDS, Amazon DynamoDB, Amazon Kinesis Data Streams, Amazon MSK)"
"Content Domain 2: Data Store Management (26%)";"Task 2.1: Choose a data store";"Skill 2.1.2: Configure the appropriate storage services for specific access patterns and requirements (for example, Amazon Redshift, Amazon EMR, Lake Formation, Amazon RDS, DynamoDB)"
"Content Domain 2: Data Store Management (26%)";"Task 2.1: Choose a data store";"Skill 2.1.3: Apply storage services to appropriate use cases (for example, using indexing algorithms like HNSW with Amazon Aurora PostgreSQL and using Amazon MemoryDB for fast key/value pair access)"
"Content Domain 2: Data Store Management (26%)";"Task 2.1: Choose a data store";"Skill 2.1.4: Integrate migration tools into data processing systems (for example, AWS Transfer Family)"
"Content Domain 2: Data Store Management (26%)";"Task 2.1: Choose a data store";"Skill 2.1.5: Implement data migration or remote access methods (for example, Amazon Redshift federated queries, Amazon Redshift materialized views, Amazon Redshift Spectrum)"
"Content Domain 2: Data Store Management (26%)";"Task 2.1: Choose a data store";"Skill 2.1.6: Manage locks to prevent access to data (for example, Amazon Redshift, Amazon RDS)"
"Content Domain 2: Data Store Management (26%)";"Task 2.1: Choose a data store";"Skill 2.1.7: Manage open table formats (for example Apache Iceberg)"
"Content Domain 2: Data Store Management (26%)";"Task 2.1: Choose a data store";"Skill 2.1.8: Describe vector index types (for example, HNSW, IVF)"
"Content Domain 2: Data Store Management (26%)";"Task 2.2: Understand data cataloging systems";"Skill 2.2.1: Use data catalogs to consume data from the data's source"
"Content Domain 2: Data Store Management (26%)";"Task 2.2: Understand data cataloging systems";"Skill 2.2.2: Build and reference a technical data catalog (for example, AWS Glue Data Catalog, Apache Hive metastore)"
"Content Domain 2: Data Store Management (26%)";"Task 2.2: Understand data cataloging systems";"Skill 2.2.3: Discover schemas and use AWS Glue crawlers to populate data catalogs"
"Content Domain 2: Data Store Management (26%)";"Task 2.2: Understand data cataloging systems";"Skill 2.2.4: Synchronize partitions with a data catalog"
"Content Domain 2: Data Store Management (26%)";"Task 2.2: Understand data cataloging systems";"Skill 2.2.5: Create new source or target connections for cataloging (for example, AWS Glue)"
"Content Domain 2: Data Store Management (26%)";"Task 2.2: Understand data cataloging systems";"Skill 2.2.6: Create and manage business data catalogs (for example, Amazon SageMaker Catalog)"
"Content Domain 2: Data Store Management (26%)";"Task 2.3: Manage the lifecycle of data";"Skill 2.3.1: Perform load and unload operations to move data between Amazon S3 and Amazon Redshift"
"Content Domain 2: Data Store Management (26%)";"Task 2.3: Manage the lifecycle of data";"Skill 2.3.2: Manage S3 Lifecycle policies to change the storage tier of S3 data"
"Content Domain 2: Data Store Management (26%)";"Task 2.3: Manage the lifecycle of data";"Skill 2.3.3: Expire data when it reaches a specific age by using S3 Lifecycle policies"
"Content Domain 2: Data Store Management (26%)";"Task 2.3: Manage the lifecycle of data";"Skill 2.3.4: Manage S3 versioning and DynamoDB TTL"
"Content Domain 2: Data Store Management (26%)";"Task 2.3: Manage the lifecycle of data";"Skill 2.3.5: Delete data to meet business and legal requirements"
"Content Domain 2: Data Store Management (26%)";"Task 2.3: Manage the lifecycle of data";"Skill 2.3.6: Protect data with appropriate resiliency and availability"
"Content Domain 2: Data Store Management (26%)";"Task 2.4: Design data models and schema evolution";"Skill 2.4.1: Design schemas for Amazon Redshift, DynamoDB, and Lake Formation"
"Content Domain 2: Data Store Management (26%)";"Task 2.4: Design data models and schema evolution";"Skill 2.4.2: Address changes to the characteristics of data"
"Content Domain 2: Data Store Management (26%)";"Task 2.4: Design data models and schema evolution";"Skill 2.4.3: Perform schema conversion (for example, by using AWS SCT and AWS DMS Schema Conversion)"
"Content Domain 2: Data Store Management (26%)";"Task 2.4: Design data models and schema evolution";"Skill 2.4.4: Establish data lineage by using AWS tools (for example, Amazon SageMaker ML Lineage Tracking and Amazon SageMaker Catalog)"
"Content Domain 2: Data Store Management (26%)";"Task 2.4: Design data models and schema evolution";"Skill 2.4.5: Describe best practices for indexing, partitioning strategies, compression, and other data optimization techniques"
"Content Domain 2: Data Store Management (26%)";"Task 2.4: Design data models and schema evolution";"Skill 2.4.6: Describe vectorization concepts (for example, Amazon Bedrock knowledge base)"
"Content Domain 3: Data Operations and Support (22%)";"Task 3.1: Automate data processing by using AWS services";"Skill 3.1.1: Orchestrate data pipelines (for example, Amazon MWAA, AWS Step Functions)"
"Content Domain 3: Data Operations and Support (22%)";"Task 3.1: Automate data processing by using AWS services";"Skill 3.1.2: Troubleshoot Amazon managed workflows"
"Content Domain 3: Data Operations and Support (22%)";"Task 3.1: Automate data processing by using AWS services";"Skill 3.1.3: Call SDKs to access Amazon features from code"
"Content Domain 3: Data Operations and Support (22%)";"Task 3.1: Automate data processing by using AWS services";"Skill 3.1.4: Use the features of AWS services to process data (for example, Amazon EMR, Amazon Redshift, AWS Glue)"
"Content Domain 3: Data Operations and Support (22%)";"Task 3.1: Automate data processing by using AWS services";"Skill 3.1.5: Consume and maintain data APIs"
"Content Domain 3: Data Operations and Support (22%)";"Task 3.1: Automate data processing by using AWS services";"Skill 3.1.6: Prepare data for transformation (for example, AWS Glue DataBrew and Amazon SageMaker Unified Studio)"
"Content Domain 3: Data Operations and Support (22%)";"Task 3.1: Automate data processing by using AWS services";"Skill 3.1.7: Query data (for example, Amazon Athena)"
"Content Domain 3: Data Operations and Support (22%)";"Task 3.1: Automate data processing by using AWS services";"Skill 3.1.8: Use AWS Lambda to automate data processing"
"Content Domain 3: Data Operations and Support (22%)";"Task 3.1: Automate data processing by using AWS services";"Skill 3.1.9: Manage events and schedulers (for example, Amazon EventBridge)"
"Content Domain 3: Data Operations and Support (22%)";"Task 3.2: Analyze data by using AWS services";"Skill 3.2.1: Visualize data by using AWS services and tools (for example, DataBrew, Amazon QuickSight)"
"Content Domain 3: Data Operations and Support (22%)";"Task 3.2: Analyze data by using AWS services";"Skill 3.2.2: Verify and clean data (for example, Lambda, Athena, QuickSight, Jupyter Notebooks, Amazon SageMaker Data Wrangler)"
"Content Domain 3: Data Operations and Support (22%)";"Task 3.2: Analyze data by using AWS services";"Skill 3.2.3: Use SQL in Amazon Redshift and Athena to query data or to create views"
"Content Domain 3: Data Operations and Support (22%)";"Task 3.2: Analyze data by using AWS services";"Skill 3.2.4: Use Athena notebooks that use Apache Spark to explore data"
"Content Domain 3: Data Operations and Support (22%)";"Task 3.2: Analyze data by using AWS services";"Skill 3.2.5: Describe tradeoffs between provisioned services and serverless services"
"Content Domain 3: Data Operations and Support (22%)";"Task 3.2: Analyze data by using AWS services";"Skill 3.2.6: Define data aggregation, rolling average, grouping, and pivoting"
"Content Domain 3: Data Operations and Support (22%)";"Task 3.3: Maintain and monitor data pipelines";"Skill 3.3.1: Extract logs for audits"
"Content Domain 3: Data Operations and Support (22%)";"Task 3.3: Maintain and monitor data pipelines";"Skill 3.3.2: Deploy logging and monitoring solutions to facilitate auditing and traceability"
"Content Domain 3: Data Operations and Support (22%)";"Task 3.3: Maintain and monitor data pipelines";"Skill 3.3.3: Use notifications during monitoring to send alerts"
"Content Domain 3: Data Operations and Support (22%)";"Task 3.3: Maintain and monitor data pipelines";"Skill 3.3.4: Troubleshoot performance issues"
"Content Domain 3: Data Operations and Support (22%)";"Task 3.3: Maintain and monitor data pipelines";"Skill 3.3.5: Use AWS CloudTrail to track API calls"
"Content Domain 3: Data Operations and Support (22%)";"Task 3.3: Maintain and monitor data pipelines";"Skill 3.3.6: Troubleshoot and maintain pipelines (for example, AWS Glue, Amazon EMR)"
"Content Domain 3: Data Operations and Support (22%)";"Task 3.3: Maintain and monitor data pipelines";"Skill 3.3.7: Use Amazon CloudWatch Logs to log application data (with a focus on configuration and automation)"
"Content Domain 3: Data Operations and Support (22%)";"Task 3.3: Maintain and monitor data pipelines";"Skill 3.3.8: Analyze logs with AWS services (for example, Athena, Amazon EMR, Amazon OpenSearch Service, CloudWatch Logs Insights, big data application logs)"
"Content Domain 3: Data Operations and Support (22%)";"Task 3.4: Ensure data quality";"Skill 3.4.1: Run data quality checks while processing the data (for example, checking for empty fields)"
"Content Domain 3: Data Operations and Support (22%)";"Task 3.4: Ensure data quality";"Skill 3.4.2: Define data quality rules (for example, DataBrew)"
"Content Domain 3: Data Operations and Support (22%)";"Task 3.4: Ensure data quality";"Skill 3.4.3: Investigate data consistency (for example, DataBrew)"
"Content Domain 3: Data Operations and Support (22%)";"Task 3.4: Ensure data quality";"Skill 3.4.4: Describe data sampling techniques"
"Content Domain 3: Data Operations and Support (22%)";"Task 3.4: Ensure data quality";"Skill 3.4.5: Implement data skew mechanisms"
"Content Domain 4: Data Security and Governance (18%)";"Task 4.1: Apply authentication mechanisms";"Skill 4.1.1: Update VPC security groups"
"Content Domain 4: Data Security and Governance (18%)";"Task 4.1: Apply authentication mechanisms";"Skill 4.1.2: Create and update IAM groups, roles, endpoints, and services"
"Content Domain 4: Data Security and Governance (18%)";"Task 4.1: Apply authentication mechanisms";"Skill 4.1.3: Create and rotate credentials for password management (for example, AWS Secrets Manager)"
"Content Domain 4: Data Security and Governance (18%)";"Task 4.1: Apply authentication mechanisms";"Skill 4.1.4: Set up IAM roles for access (for example, AWS Lambda, Amazon API Gateway, AWS CLI, AWS CloudFormation)"
"Content Domain 4: Data Security and Governance (18%)";"Task 4.1: Apply authentication mechanisms";"Skill 4.1.5: Apply IAM policies to roles, endpoints, and services (for example, S3 Access Points, AWS PrivateLink)"
"Content Domain 4: Data Security and Governance (18%)";"Task 4.1: Apply authentication mechanisms";"Skill 4.1.6: Describe the differences between managed services and unmanaged services"
"Content Domain 4: Data Security and Governance (18%)";"Task 4.1: Apply authentication mechanisms";"Skill 4.1.7: Use domain, domain units, and projects for SageMaker Unified Studio"
"Content Domain 4: Data Security and Governance (18%)";"Task 4.2: Apply authorization mechanisms";"Skill 4.2.1: Create custom IAM policies when a managed policy does not meet the needs"
"Content Domain 4: Data Security and Governance (18%)";"Task 4.2: Apply authorization mechanisms";"Skill 4.2.2: Store application and database credentials (for example, Secrets Manager, AWS Systems Manager Parameter Store)"
"Content Domain 4: Data Security and Governance (18%)";"Task 4.2: Apply authorization mechanisms";"Skill 4.2.3: Provide database users, groups, and roles access and authority in a database (for example, for Amazon Redshift)"
"Content Domain 4: Data Security and Governance (18%)";"Task 4.2: Apply authorization mechanisms";"Skill 4.2.4: Manage permissions through AWS Lake Formation (for Amazon Redshift, Amazon EMR, Amazon Athena, and Amazon S3)"
"Content Domain 4: Data Security and Governance (18%)";"Task 4.2: Apply authorization mechanisms";"Skill 4.2.5: Apply authorization methods that address business needs (role-based, tag-based, and attribute-based)"
"Content Domain 4: Data Security and Governance (18%)";"Task 4.2: Apply authorization mechanisms";"Skill 4.2.6: Construct custom policies that meet the principle of least privilege"
"Content Domain 4: Data Security and Governance (18%)";"Task 4.3: Ensure data encryption and masking";"Skill 4.3.1: Apply data masking and anonymization according to compliance laws or company policies"
"Content Domain 4: Data Security and Governance (18%)";"Task 4.3: Ensure data encryption and masking";"Skill 4.3.2: Use encryption keys to encrypt or decrypt data (for example, AWS KMS)"
"Content Domain 4: Data Security and Governance (18%)";"Task 4.3: Ensure data encryption and masking";"Skill 4.3.3: Configure encryption across AWS account boundaries"
"Content Domain 4: Data Security and Governance (18%)";"Task 4.3: Ensure data encryption and masking";"Skill 4.3.4: Enable encryption in transit or before transit for data"
"Content Domain 4: Data Security and Governance (18%)";"Task 4.4: Prepare logs for audit";"Skill 4.4.1: Use AWS CloudTrail to track API calls"
"Content Domain 4: Data Security and Governance (18%)";"Task 4.4: Prepare logs for audit";"Skill 4.4.2: Use Amazon CloudWatch Logs to store application logs"
"Content Domain 4: Data Security and Governance (18%)";"Task 4.4: Prepare logs for audit";"Skill 4.4.3: Use AWS CloudTrail Lake for centralized logging queries"
"Content Domain 4: Data Security and Governance (18%)";"Task 4.4: Prepare logs for audit";"Skill 4.4.4: Analyze logs by using AWS services (for example, Athena, CloudWatch Logs Insights, Amazon OpenSearch Service)"
"Content Domain 4: Data Security and Governance (18%)";"Task 4.4: Prepare logs for audit";"Skill 4.4.5: Integrate various AWS services to perform logging (for example, Amazon EMR in cases of large volumes of log data)"
"Content Domain 4: Data Security and Governance (18%)";"Task 4.5: Understand data privacy and governance";"Skill 4.5.1: Grant permissions for data sharing (for example, data sharing for Amazon Redshift)"
"Content Domain 4: Data Security and Governance (18%)";"Task 4.5: Understand data privacy and governance";"Skill 4.5.2: Implement PII identification (for example, Amazon Macie with Lake Formation)"
"Content Domain 4: Data Security and Governance (18%)";"Task 4.5: Understand data privacy and governance";"Skill 4.5.3: Implement data privacy strategies to prevent backups or replications of data to disallowed AWS Regions"
"Content Domain 4: Data Security and Governance (18%)";"Task 4.5: Understand data privacy and governance";"Skill 4.5.4: Viewing configuration changes that have occurred in an account (for example, AWS Config)"
"Content Domain 4: Data Security and Governance (18%)";"Task 4.5: Understand data privacy and governance";"Skill 4.5.5: Maintain data sovereignty"
"Content Domain 4: Data Security and Governance (18%)";"Task 4.5: Understand data privacy and governance";"Skill 4.5.6: Manage data access through Amazon SageMaker Catalog projects"
"Content Domain 4: Data Security and Governance (18%)";"Task 4.5: Understand data privacy and governance";"Skill 4.5.7: Describe governance data framework and data sharing patterns"
